"locationid","StartStation_Name","borough","zone"
1,"River Street , Clerkenwell"," Clerkenwell","River Street"
2,"Phillimore Gardens, Kensington"," Kensington","Phillimore Gardens"
3,"Christopher Street, Liverpool Street"," Liverpool Street","Christopher Street"
4,"St. Chad's Street, King's Cross"," King's Cross","St. Chad's Street"
5,"Sedding Street, Sloane Square"," Sloane Square","Sedding Street"
6,"Broadcasting House, Marylebone"," Marylebone","Broadcasting House"
7,"Charlbert Street, St. John's Wood"," St. John's Wood","Charlbert Street"
8,"Maida Vale, Maida Vale"," Maida Vale","Maida Vale"
9,"New Globe Walk, Bankside"," Bankside","New Globe Walk"
10,"Park Street, Bankside"," Bankside","Park Street"
11,"Brunswick Square, Bloomsbury"," Bloomsbury","Brunswick Square"
12,"Malet Street, Bloomsbury"," Bloomsbury","Malet Street"
13,"Scala Street, Fitzrovia"," Fitzrovia","Scala Street"
14,"Belgrove Street , King's Cross"," King's Cross","Belgrove Street"
15,"Great Russell Street, Bloomsbury"," Bloomsbury","Great Russell Street"
16,"Cartwright Gardens , Bloomsbury"," Bloomsbury","Cartwright Gardens "
17,"Hatton Wall, Holborn"," Holborn","Hatton Wall"
18,"Drury Lane, Covent Garden"," Covent Garden","Drury Lane"
19,"Taviton Street, Bloomsbury"," Bloomsbury","Taviton Street"
20,"Drummond Street , Euston"," Euston","Drummond Street "
22,"Northington Street , Holborn"," Holborn","Northington Street "
23,"Red Lion Square, Holborn"," Holborn","Red Lion Square"
24,"British Museum, Bloomsbury"," Bloomsbury","British Museum"
25,"Doric Way , Somers Town"," Somers Town","Doric Way "
26,"Ampton Street , Clerkenwell"," Clerkenwell","Ampton Street "
27,"Bouverie Street, Temple"," Temple","Bouverie Street"
28,"Bolsover Street, Fitzrovia"," Fitzrovia","Bolsover Street"
29,"Hereford Road, Bayswater"," Bayswater","Hereford Road"
30,"Windsor Terrace, Hoxton"," Hoxton","Windsor Terrace"
31,"Fanshaw Street, Hoxton"," Hoxton","Fanshaw Street"
32,"Leonard Circus , Shoreditch"," Shoreditch","Leonard Circus "
33,"Central House, Aldgate"," Aldgate","Central House"
34,"Pancras Road, King's Cross"," King's Cross","Pancras Road"
36,"De Vere Gardens, Kensington"," Kensington","De Vere Gardens"
37,"Penywern Road, Earl's Court"," Earl's Court","Penywern Road"
38,"Abingdon Villas, Kensington"," Kensington","Abingdon Villas"
39,"Shoreditch High Street, Shoreditch"," Shoreditch","Shoreditch High Street"
40,"Commercial Street, Shoreditch"," Shoreditch","Commercial Street"
41,"Pindar Street, Liverpool Street"," Liverpool Street","Pindar Street"
42,"Wenlock Road , Hoxton"," Hoxton","Wenlock Road "
43,"Crawford Street, Marylebone"," Marylebone","Crawford Street"
44,"Bruton Street, Mayfair"," Mayfair","Bruton Street"
45,"Boston Place, Marylebone"," Marylebone","Boston Place"
46,"Nesham Street, Wapping"," Wapping","Nesham Street"
47,"Warwick Avenue Station, Maida Vale"," Maida Vale","Warwick Avenue Station"
48,"Godliman Street, St. Paul's"," St. Paul's","Godliman Street"
49,"Curzon Street, Mayfair"," Mayfair","Curzon Street"
50,"East Road, Hoxton"," Hoxton","East Road"
51,"Finsbury Library , Finsbury"," Finsbury","Finsbury Library "
52,"Roscoe Street, St. Luke's"," St. Luke's","Roscoe Street"
53,"Grafton Street, Mayfair"," Mayfair","Grafton Street"
54,"Golden Lane, Barbican"," Barbican","Golden Lane"
55,"Finsbury Circus, Liverpool Street"," Liverpool Street","Finsbury Circus"
56,"Paddington Street, Marylebone"," Marylebone","Paddington Street"
57,"Guilford Street , Bloomsbury"," Bloomsbury","Guilford Street "
58,"New Inn Yard, Shoreditch"," Shoreditch","New Inn Yard"
60,"Lisson Grove, St. John's Wood"," St. John's Wood","Lisson Grove"
61,"Great Dover Street, The Borough"," The Borough","Great Dover Street"
62,"Cotton Garden Estate, Kennington"," Kennington","Cotton Garden Estate"
63,"Murray Grove , Hoxton"," Hoxton","Murray Grove "
64,"William IV Street, Strand"," Strand","William IV Street"
66,"Holborn Circus, Holborn"," Holborn","Holborn Circus"
67,"Hatton Garden, Holborn"," Holborn","Hatton Garden"
68,"Theobald's Road , Holborn"," Holborn","Theobald's Road "
69,"Euston Road, Euston"," Euston","Euston Road"
70,"Calshot Street , King's Cross"," King's Cross","Calshot Street "
71,"Newgate Street , St. Paul's"," St. Paul's","Newgate Street "
72,"Farringdon Lane, Clerkenwell"," Clerkenwell","Farringdon Lane"
73,"Old Street Station, St. Luke's"," St. Luke's","Old Street Station"
74,"Vauxhall Cross, Vauxhall"," Vauxhall","Vauxhall Cross"
75,"Torrens Street, Angel"," Angel","Torrens Street"
76,"Longford Street, The Regent's Park"," The Regent's Park","Longford Street"
77,"Russell Square Station, Bloomsbury"," Bloomsbury","Russell Square Station"
78,"Sadlers Sports Centre, Finsbury"," Finsbury","Sadlers Sports Centre"
79,"Arundel Street, Temple"," Temple","Arundel Street"
80,"Webber Street , Southwark"," Southwark","Webber Street "
81,"Great Titchfield Street, Fitzrovia"," Fitzrovia","Great Titchfield Street"
82,"Chancery Lane, Holborn"," Holborn","Chancery Lane"
83,"Panton Street, West End"," West End","Panton Street"
84,"Breams Buildings, Holborn"," Holborn","Breams Buildings"
85,"Tanner Street, Bermondsey"," Bermondsey","Tanner Street"
86,"Sancroft Street, Vauxhall"," Vauxhall","Sancroft Street"
87,"Devonshire Square, Liverpool Street"," Liverpool Street","Devonshire Square"
88,"Bayley Street , Bloomsbury"," Bloomsbury","Bayley Street "
89,"Tavistock Place, Bloomsbury"," Bloomsbury","Tavistock Place"
90,"Harrington Square 1, Camden Town"," Camden Town","Harrington Square 1"
91,"Walnut Tree Walk, Vauxhall"," Vauxhall","Walnut Tree Walk"
92,"Borough Road, Elephant & Castle"," Elephant & Castle","Borough Road"
93,"Cloudesley Road, Angel"," Angel","Cloudesley Road"
94,"Bricklayers Arms, Borough"," Borough","Bricklayers Arms"
95,"Aldersgate Street, Barbican"," Barbican","Aldersgate Street"
96,"Falkirk Street, Hoxton"," Hoxton","Falkirk Street"
97,"Gloucester Road (North), Kensington"," Kensington","Gloucester Road (North)"
98,"Hampstead Road, Euston"," Euston","Hampstead Road"
99,"Old Quebec Street, Marylebone"," Marylebone","Old Quebec Street"
100,"Albert Embankment, Vauxhall"," Vauxhall","Albert Embankment"
101,"Queen Street 1, Bank"," Bank","Queen Street 1"
102,"Jewry Street, Aldgate"," Aldgate","Jewry Street"
103,"Vicarage Gate, Kensington"," Kensington","Vicarage Gate"
104,"Crosswall, Tower"," Tower","Crosswall"
105,"Westbourne Grove, Bayswater"," Bayswater","Westbourne Grove"
106,"Woodstock Street, Mayfair"," Mayfair","Woodstock Street"
107,"Finsbury Leisure Centre, St. Luke's"," St. Luke's","Finsbury Leisure Centre"
108,"Abbey Orchard Street, Westminster"," Westminster","Abbey Orchard Street"
109,"Soho Square , Soho"," Soho","Soho Square "
110,"Wellington Road, St. John's Wood"," St. John's Wood","Wellington Road"
111,"Park Lane , Hyde Park"," Hyde Park","Park Lane "
112,"Stonecutter Street, Holborn"," Holborn","Stonecutter Street"
113,"Gloucester Road (Central), South Kensington"," South Kensington","Gloucester Road (Central)"
114,"Park Road (Baker Street), The Regent's Park"," The Regent's Park","Park Road (Baker Street)"
115,"Braham Street, Aldgate"," Aldgate","Braham Street"
116,"Little Argyll Street, West End"," West End","Little Argyll Street"
117,"Lollard Street, Vauxhall"," Vauxhall","Lollard Street"
118,"Rochester Row, Westminster"," Westminster","Rochester Row"
119,"Bath Street, St. Luke's"," St. Luke's","Bath Street"
120,"The Guildhall, Guildhall"," Guildhall","The Guildhall"
121,"Baker Street, Marylebone"," Marylebone","Baker Street"
122,"Norton Folgate, Liverpool Street"," Liverpool Street","Norton Folgate"
123,"St. John Street, Finsbury"," Finsbury","St. John Street"
124,"Eaton Square, Belgravia"," Belgravia","Eaton Square"
125,"Borough High Street, The Borough"," The Borough","Borough High Street"
126,"Museum of London, Barbican"," Barbican","Museum of London"
127,"Wood Street, Guildhall"," Guildhall","Wood Street"
128,"Emperor's Gate, South Kensington"," South Kensington","Emperor's Gate"
129,"Golden Square, Soho"," Soho","Golden Square"
130,"Tower Gardens , Tower"," Tower","Tower Gardens "
131,"Eversholt Street , Camden Town"," Camden Town","Eversholt Street "
132,"Bethnal Green Road, Shoreditch"," Shoreditch","Bethnal Green Road"
133,"Derry Street, Kensington"," Kensington","Derry Street"
134,"Wapping High Street, Wapping"," Wapping","Wapping High Street"
135,"Clerkenwell Green, Clerkenwell"," Clerkenwell","Clerkenwell Green"
136,"Queen Victoria Street, St. Paul's"," St. Paul's","Queen Victoria Street"
138,"Green Street, Mayfair"," Mayfair","Green Street"
139,"Lambeth Road, Vauxhall"," Vauxhall","Lambeth Road"
140,"Finsbury Square , Moorgate"," Moorgate","Finsbury Square "
141,"Chapel Place, Marylebone"," Marylebone","Chapel Place"
142,"West Cromwell Road, Earl's Court"," Earl's Court","West Cromwell Road"
143,"Pont Street, Knightsbridge"," Knightsbridge","Pont Street"
144,"Kennington Cross, Kennington"," Kennington","Kennington Cross"
145,"Ilchester Place, Kensington"," Kensington","Ilchester Place"
146,"Vauxhall Bridge , Pimlico"," Pimlico","Vauxhall Bridge "
148,"Tachbrook Street, Victoria"," Victoria","Tachbrook Street"
149,"Kennington Road Post Office, Oval"," Oval","Kennington Road Post Office"
150,"Holy Trinity Brompton, Knightsbridge"," Knightsbridge","Holy Trinity Brompton"
151,"Chepstow Villas, Notting Hill"," Notting Hill","Chepstow Villas"
152,"Hampton Street, Walworth"," Walworth","Hampton Street"
153,"Bayswater Road, Hyde Park"," Hyde Park","Bayswater Road"
154,"Waterloo Station 3, Waterloo"," Waterloo","Waterloo Station 3"
155,"Lexham Gardens, Kensington"," Kensington","Lexham Gardens"
156,"New Kent Road, The Borough"," The Borough","New Kent Road"
157,"Wright's Lane, Kensington"," Kensington","Wright's Lane"
158,"Trebovir Road, Earl's Court"," Earl's Court","Trebovir Road"
159,"Great Marlborough Street, Soho"," Soho","Great Marlborough Street"
160,"Waterloo Place, St. James's"," St. James's","Waterloo Place"
161,"Guildhouse Street, Victoria"," Victoria","Guildhouse Street"
162,"Southampton Place, Holborn"," Holborn","Southampton Place"
163,"Sloane Avenue, Knightsbridge"," Knightsbridge","Sloane Avenue"
164,"Cleveland Gardens, Bayswater"," Bayswater","Cleveland Gardens"
165,"Orsett Terrace, Bayswater"," Bayswater","Orsett Terrace"
166,"Seville Street, Knightsbridge"," Knightsbridge","Seville Street"
167,"Eccleston Place, Victoria"," Victoria","Eccleston Place"
168,"Argyll Road, Kensington"," Kensington","Argyll Road"
169,"Porchester Place, Paddington"," Paddington","Porchester Place"
170,"Hardwick Street, Clerkenwell"," Clerkenwell","Hardwick Street"
171,"Collingham Gardens, Earl's Court"," Earl's Court","Collingham Gardens"
172,"Sumner Place, South Kensington"," South Kensington","Sumner Place"
173,"Waterloo Road, South Bank"," South Bank","Waterloo Road"
174,"Strand, Strand"," Strand","Strand"
175,"Worship Street, Shoreditch"," Shoreditch","Worship Street"
176,"Gloucester Terrace, Bayswater"," Bayswater","Gloucester Terrace"
177,"Ashley Place, Victoria"," Victoria","Ashley Place"
178,"Warwick Square, Pimlico"," Pimlico","Warwick Square"
180,"North Audley Street, Mayfair"," Mayfair","North Audley Street"
181,"Belgrave Square, Belgravia"," Belgravia","Belgrave Square"
182,"Bell Street , Marylebone"," Marylebone","Bell Street "
183,"Riverlight North, Nine Elms"," Nine Elms","Riverlight North"
184,"Portland Place, Marylebone"," Marylebone","Portland Place"
185,"Alderney Street, Pimlico"," Pimlico","Alderney Street"
186,"South Wharf Road, Paddington"," Paddington","South Wharf Road"
187,"Queen's Gate (South), South Kensington"," South Kensington","Queen's Gate (South)"
188,"Nutford Place, Marylebone"," Marylebone","Nutford Place"
189,"Claremont Square, Angel"," Angel","Claremont Square"
190,"Rampayne Street, Pimlico"," Pimlico","Rampayne Street"
191,"Hyde Park Corner, Hyde Park"," Hyde Park","Hyde Park Corner"
192,"Wardour Street, Soho"," Soho","Wardour Street"
193,"Bankside Mix, Bankside"," Bankside","Bankside Mix"
194,"Hop Exchange, The Borough"," The Borough","Hop Exchange"
195,"Milroy Walk, South Bank"," South Bank","Milroy Walk"
196,"Union Street, The Borough"," The Borough","Union Street"
197,"Stamford Street, South Bank"," South Bank","Stamford Street"
199,"Great Tower Street, Monument"," Monument","Great Tower Street"
200,"LMU Commercial Road, Whitechapel"," Whitechapel","LMU Commercial Road"
201,"Dorset Square, Marylebone"," Marylebone","Dorset Square"
202,"Leman Street, Aldgate"," Aldgate","Leman Street"
203,"West Smithfield Rotunda, Farringdon"," Farringdon","West Smithfield Rotunda"
204,"Margery Street, Clerkenwell"," Clerkenwell","Margery Street"
206,"New Road 1 , Whitechapel"," Whitechapel","New Road 1 "
207,"Grosvenor Crescent, Belgravia"," Belgravia","Grosvenor Crescent"
208,"Mallory Street, Marylebone"," Marylebone","Mallory Street"
209,"Denyer Street, Knightsbridge"," Knightsbridge","Denyer Street"
210,"Hinde Street, Marylebone"," Marylebone","Hinde Street"
211,"Cadogan Place, Knightsbridge"," Knightsbridge","Cadogan Place"
212,"Campden Hill Road, Notting Hill"," Notting Hill","Campden Hill Road"
213,"Wellington Arch, Hyde Park"," Hyde Park","Wellington Arch"
214,"Endsleigh Gardens, Euston"," Euston","Endsleigh Gardens"
215,"Moorfields, Moorgate"," Moorgate","Moorfields"
216,"Old Brompton Road, South Kensington"," South Kensington","Old Brompton Road"
217,"Wormwood Street, Liverpool Street"," Liverpool Street","Wormwood Street"
218,"St. Luke's Church, Chelsea"," Chelsea","St. Luke's Church"
219,"Bramham Gardens, Earl's Court"," Earl's Court","Bramham Gardens"
220,"Chelsea Green, Chelsea"," Chelsea","Chelsea Green"
221,"Horseferry Road, Westminster"," Westminster","Horseferry Road"
222,"Knightsbridge, Hyde Park"," Hyde Park","Knightsbridge"
223,"Rodney Road , Walworth"," Walworth","Rodney Road "
224,"Queensway, Kensington Gardens"," Kensington Gardens","Queensway"
225,"Notting Hill Gate Station, Notting Hill"," Notting Hill","Notting Hill Gate Station"
226,"Charles II Street, West End"," West End","Charles II Street"
227,"Great Percy Street, Clerkenwell"," Clerkenwell","Great Percy Street"
228,"St. James's Square, St. James's"," St. James's","St. James's Square"
229,"Whitehall Place, Strand"," Strand","Whitehall Place"
230,"Poured Lines, Bankside"," Bankside","Poured Lines"
231,"Queen's Gate (Central), South Kensington"," South Kensington","Queen's Gate (Central)"
232,"Carey Street, Holborn"," Holborn","Carey Street"
233,"Pall Mall East, West End"," West End","Pall Mall East"
234,"Liverpool Road (N1 Centre), Angel"," Angel","Liverpool Road (N1 Centre)"
235,"Kennington Road  , Vauxhall"," Vauxhall","Kennington Road  "
236,"Fashion Street, Whitechapel"," Whitechapel","Fashion Street"
237,"Dock Street, Wapping"," Wapping","Dock Street"
238,"Frampton Street, Paddington"," Paddington","Frampton Street"
239,"Warren Street Station, Euston"," Euston","Warren Street Station"
240,"Colombo Street, Southwark"," Southwark","Colombo Street"
242,"Beaumont Street, Marylebone"," Marylebone","Beaumont Street"
243,"Gloucester Street, Pimlico"," Pimlico","Gloucester Street"
244,"Earnshaw Street , Covent Garden"," Covent Garden","Earnshaw Street "
245,"Grosvenor Road, Pimlico"," Pimlico","Grosvenor Road"
246,"Berry Street, Clerkenwell"," Clerkenwell","Berry Street"
247,"St. John's Wood Church, The Regent's Park"," The Regent's Park","St. John's Wood Church"
248,"Triangle Car Park, Hyde Park"," Hyde Park","Triangle Car Park"
249,"Harper Road, The Borough"," The Borough","Harper Road"
250,"Royal Avenue 1, Chelsea"," Chelsea","Royal Avenue 1"
251,"Brushfield Street, Liverpool Street"," Liverpool Street","Brushfield Street"
252,"Jubilee Gardens, South Bank"," South Bank","Jubilee Gardens"
253,"Shoreditch Park, Hoxton"," Hoxton","Shoreditch Park"
254,"Chadwell Street, Angel"," Angel","Chadwell Street"
255,"Clifton Road, Maida Vale"," Maida Vale","Clifton Road"
256,"Houghton Street, Strand"," Strand","Houghton Street"
257,"Westminster University, Marylebone"," Marylebone","Westminster University"
258,"Kensington Gore, Knightsbridge"," Knightsbridge","Kensington Gore"
259,"Bourne Street, Belgravia"," Belgravia","Bourne Street"
260,"Broadwick Street, Soho"," Soho","Broadwick Street"
261,"Princes Square, Bayswater"," Bayswater","Princes Square"
262,"LSBU (Borough Road), Elephant & Castle"," Elephant & Castle","LSBU (Borough Road)"
263,"St. Mary Axe, Aldgate"," Aldgate","St. Mary Axe"
264,"Tysoe Street, Clerkenwell"," Clerkenwell","Tysoe Street"
265,"Southwick Street, Paddington"," Paddington","Southwick Street"
266,"Queen's Gate (North), Kensington"," Kensington","Queen's Gate (North)"
267,"Regency Street, Westminster"," Westminster","Regency Street"
268,"Belgrave Road, Victoria"," Victoria","Belgrave Road"
269,"Empire Square, The Borough"," The Borough","Empire Square"
270,"Kennington Lane Rail Bridge, Vauxhall"," Vauxhall","Kennington Lane Rail Bridge"
271,"London Zoo,  The Regent's Park","  The Regent's Park","London Zoo"
272,"Baylis Road, Waterloo"," Waterloo","Baylis Road"
273,"Belvedere Road 1, South Bank"," South Bank","Belvedere Road 1"
274,"Warwick Road, Olympia"," Olympia","Warwick Road"
275,"Barbican Centre, Barbican"," Barbican","Barbican Centre"
276,"Lower Thames Street, Monument"," Monument","Lower Thames Street"
277,"Kensington Church Street, Kensington"," Kensington","Kensington Church Street"
278,"Tooley Street, Bermondsey"," Bermondsey","Tooley Street"
279,"North Wharf Road, Paddington"," Paddington","North Wharf Road"
280,"Royal Avenue 2, Chelsea"," Chelsea","Royal Avenue 2"
281,"Smith Square, Westminster"," Westminster","Smith Square"
282,"Royal London Hospital, Whitechapel"," Whitechapel","Royal London Hospital"
283,"Kingsway, Covent Garden"," Covent Garden","Kingsway"
284,"Lambeth North Station, Waterloo"," Waterloo","Lambeth North Station"
286,"St. John's Wood Road, St. John's Wood"," St. John's Wood","St. John's Wood Road"
287,"Bedford Way, Bloomsbury"," Bloomsbury","Bedford Way"
288,"Elizabeth Bridge, Victoria"," Victoria","Elizabeth Bridge"
289,"South Audley Street, Mayfair"," Mayfair","South Audley Street"
290,"St Mary's Hospital, Paddington"," Paddington","St Mary's Hospital"
291,"Claverton Street, Pimlico"," Pimlico","Claverton Street"
292,"Montpelier Street, Knightsbridge"," Knightsbridge","Montpelier Street"
293,"Kensington Olympia Station, Olympia"," Olympia","Kensington Olympia Station"
294,"St. George's Square, Pimlico"," Pimlico","St. George's Square"
295,"Swan Street, The Borough"," The Borough","Swan Street"
296,"Knaresborough Place, Earl's Court"," Earl's Court","Knaresborough Place"
297,"Geraldine Street, Elephant & Castle"," Elephant & Castle","Geraldine Street"
298,"Curlew Street, Shad Thames"," Shad Thames","Curlew Street"
299,"Vincent Square, Westminster"," Westminster","Vincent Square"
300,"Serpentine Car Park, Hyde Park"," Hyde Park","Serpentine Car Park"
301,"Marylebone Lane, Marylebone"," Marylebone","Marylebone Lane"
302,"Putney Pier, Wandsworth"," Wandsworth","Putney Pier"
303,"Albert Gate, Hyde Park"," Hyde Park","Albert Gate"
306,"Rathbone Street, Fitzrovia"," Fitzrovia","Rathbone Street"
307,"Black Lion Gate, Kensington Gardens"," Kensington Gardens","Black Lion Gate"
308,"Long Lane , Bermondsey"," Bermondsey","Long Lane "
309,"Embankment (Savoy), Strand"," Strand","Embankment (Savoy)"
310,"Black Prince Road, Vauxhall"," Vauxhall","Black Prince Road"
311,"Foley Street, Fitzrovia"," Fitzrovia","Foley Street"
312,"Grove End Road, St. John's Wood"," St. John's Wood","Grove End Road"
313,"Wells Street, Fitzrovia"," Fitzrovia","Wells Street"
314,"Tyers Gate, Bermondsey"," Bermondsey","Tyers Gate"
315,"The Tennis Courts, The Regent's Park"," The Regent's Park","The Tennis Courts"
316,"Warwick Row, Westminster"," Westminster","Warwick Row"
317,"Dickens Square, Borough"," Borough","Dickens Square"
318,"Sackville Street, Mayfair"," Mayfair","Sackville Street"
319,"Baldwin Street, St. Luke's"," St. Luke's","Baldwin Street"
320,"Queen Mother Sports Centre, Victoria"," Victoria","Queen Mother Sports Centre"
321,"Bermondsey Street, Bermondsey"," Bermondsey","Bermondsey Street"
322,"Palissy Street, Shoreditch"," Shoreditch","Palissy Street"
323,"Clifton Street, Shoreditch"," Shoreditch","Clifton Street"
324,"Ontario Street, Elephant & Castle"," Elephant & Castle","Ontario Street"
325,"St. Martin's Street, West End"," West End","St. Martin's Street"
326,"Graham Street, Angel"," Angel","Graham Street"
327,"New North Road 1, Hoxton"," Hoxton","New North Road 1"
328,"New North Road 2, Hoxton"," Hoxton","New North Road 2"
329,"Prince Albert Road, The Regent's Park"," The Regent's Park","Prince Albert Road"
330,"Eastbourne Mews, Paddington"," Paddington","Eastbourne Mews"
331,"Bunhill Row, Moorgate"," Moorgate","Bunhill Row"
332,"Nevern Place, Earl's Court"," Earl's Court","Nevern Place"
333,"Palace Gardens Terrace, Notting Hill"," Notting Hill","Palace Gardens Terrace"
334,"Concert Hall Approach 1, South Bank"," South Bank","Concert Hall Approach 1"
335,"Tavistock Street, Covent Garden"," Covent Garden","Tavistock Street"
336,"Concert Hall Approach 2, South Bank"," South Bank","Concert Hall Approach 2"
337,"Pembridge Villas, Notting Hill"," Notting Hill","Pembridge Villas"
338,"Wellington Street , Strand"," Strand","Wellington Street "
339,"Risinghill Street, Angel"," Angel","Risinghill Street"
340,"Bank of England Museum, Bank"," Bank","Bank of England Museum"
341,"Craven Street, Strand"," Strand","Craven Street"
343,"London Zoo Car Park, The Regent's Park"," The Regent's Park","London Zoo Car Park"
344,"Goswell Road (City Uni), Finsbury"," Finsbury","Goswell Road (City Uni)"
345,"Flood Street, Chelsea"," Chelsea","Flood Street"
347,"Lower Marsh, Waterloo"," Waterloo","Lower Marsh"
348,"Grosvenor Square, Mayfair"," Mayfair","Grosvenor Square"
349,"St. George Street, Mayfair"," Mayfair","St. George Street"
350,"Queen's Gate, Kensington Gardens"," Kensington Gardens","Queen's Gate"
351,"Macclesfield Rd, St Lukes"," St Lukes","Macclesfield Rd"
352,"Vauxhall Street, Vauxhall"," Vauxhall","Vauxhall Street"
353,"Greycoat Street , Westminster"," Westminster","Greycoat Street "
354,"Northumberland Avenue, Strand"," Strand","Northumberland Avenue"
355,"Clapham Common Station, Clapham Common"," Clapham Common","Clapham Common Station"
356,"South Kensington Station, South Kensington"," South Kensington","South Kensington Station"
357,"Howland Street, Fitzrovia"," Fitzrovia","Howland Street"
358,"High Holborn , Covent Garden"," Covent Garden","High Holborn "
359,"Butler Place, Westminster"," Westminster","Butler Place"
360,"Howick Place, Westminster"," Westminster","Howick Place"
361,"Waterloo Station 2, Waterloo"," Waterloo","Waterloo Station 2"
362,"Royal College Street, Camden Town"," Camden Town","Royal College Street"
363,"Lord's, St. John's Wood"," St. John's Wood","Lord's"
364,"Store Street, Bloomsbury"," Bloomsbury","Store Street"
365,"City Road, Angel"," Angel","City Road"
366,"Millennium Hotel, Mayfair"," Mayfair","Millennium Hotel"
367,"Harrowby Street, Marylebone"," Marylebone","Harrowby Street"
368,"Harriet Street, Knightsbridge"," Knightsbridge","Harriet Street"
370,"Paddington Green, Paddington"," Paddington","Paddington Green"
371,"King Edward Walk, Waterloo"," Waterloo","King Edward Walk"
372,"Sardinia Street, Holborn"," Holborn","Sardinia Street"
373,"Prince Consort Road, Knightsbridge"," Knightsbridge","Prince Consort Road"
374,"Waterloo Station 1, Waterloo"," Waterloo","Waterloo Station 1"
375,"Kensington Town Hall, Kensington"," Kensington","Kensington Town Hall"
376,"Millbank Tower, Pimlico"," Pimlico","Millbank Tower"
377,"Waterloo Bridge, South Bank"," South Bank","Waterloo Bridge"
378,"Natural History Museum, South Kensington"," South Kensington","Natural History Museum"
379,"Turquoise Island, Notting Hill"," Notting Hill","Turquoise Island"
380,"Stanhope Gate, Mayfair"," Mayfair","Stanhope Gate"
381,"Charlotte Street, Fitzrovia"," Fitzrovia","Charlotte Street"
382,"Farm Street, Mayfair"," Mayfair","Farm Street"
383,"Frith Street, Soho"," Soho","Frith Street"
384,"Marloes Road, Kensington"," Kensington","Marloes Road"
386,"Moor Street, Soho"," Soho","Moor Street"
387,"Fire Brigade Pier, Vauxhall"," Vauxhall","Fire Brigade Pier"
388,"Southampton Street, Strand"," Strand","Southampton Street"
389,"Upper Grosvenor Street, Mayfair"," Mayfair","Upper Grosvenor Street"
390,"Buxton Street 1, Shoreditch"," Shoreditch","Buxton Street 1"
391,"Clifford Street, Mayfair"," Mayfair","Clifford Street"
392,"Imperial College, Knightsbridge"," Knightsbridge","Imperial College"
393,"Snow Hill, Farringdon"," Farringdon","Snow Hill"
394,"Aberdeen Place, St. John's Wood"," St. John's Wood","Aberdeen Place"
395,"Cadogan Gardens, Chelsea"," Chelsea","Cadogan Gardens"
396,"Shouldham Street, Marylebone"," Marylebone","Shouldham Street"
397,"Devonshire Terrace, Bayswater"," Bayswater","Devonshire Terrace"
398,"Holland Park, Kensington"," Kensington","Holland Park"
399,"Brick Lane Market, Shoreditch"," Shoreditch","Brick Lane Market"
400,"George Street, Marylebone"," Marylebone","George Street"
401,"Columbia Road, Shoreditch"," Shoreditch","Columbia Road"
402,"Penfold Street, Marylebone"," Marylebone","Penfold Street"
403,"George Place Mews, Marylebone"," Marylebone","George Place Mews"
404,"Palace Gate, Kensington Gardens"," Kensington Gardens","Palace Gate"
405,"Gloucester Road Station, South Kensington"," South Kensington","Gloucester Road Station"
408,"Paddington Green Police Station, Paddington"," Paddington","Paddington Green Police Station"
408,"Sun Street, Liverpool Street"," Liverpool Street","Sun Street"
409,"Strata, Elephant & Castle"," Elephant & Castle","Strata"
410,"Edgware Road Station, Marylebone"," Marylebone","Edgware Road Station"
411,"Rotherhithe Roundabout, Rotherhithe"," Rotherhithe","Rotherhithe Roundabout"
412,"Cleaver Street, Kennington"," Kennington","Cleaver Street"
419,"Chelsea Bridge, Pimlico"," Pimlico","Chelsea Bridge"
420,"Southwark Station 1, Southwark"," Southwark","Southwark Station 1"
421,"Southwark Station 2, Southwark"," Southwark","Southwark Station 2"
423,"Eaton Square (South), Belgravia"," Belgravia","Eaton Square (South)"
424,"Ebury Bridge, Pimlico"," Pimlico","Ebury Bridge"
425,"Harrington Square 2, Camden Town"," Camden Town","Harrington Square 2"
426,"Vincent Street, Pimlico"," Pimlico","Vincent Street"
427,"Cheapside, Bank"," Bank","Cheapside"
428,"Exhibition Road, Knightsbridge"," Knightsbridge","Exhibition Road"
430,"South Parade, Chelsea"," Chelsea","South Parade"
431,"Crinan Street, King's Cross"," King's Cross","Crinan Street"
432,"Exhibition Road Museums 1, South Kensington"," South Kensington","Exhibition Road Museums 1"
433,"Wren Street, Holborn"," Holborn","Wren Street"
435,"Kennington Station, Kennington"," Kennington","Kennington Station"
436,"Red Lion Street, Holborn"," Holborn","Red Lion Street"
437,"Vauxhall Walk, Vauxhall"," Vauxhall","Vauxhall Walk"
439,"Killick Street, King's Cross"," King's Cross","Killick Street"
440,"Kennington Oval, Oval"," Oval","Kennington Oval"
441,"Sail Street, Vauxhall"," Vauxhall","Sail Street"
442,"Walmer Road, Avondale"," Avondale","Walmer Road"
443,"Philpot Street, Whitechapel"," Whitechapel","Philpot Street"
444,"Bethnal Green Garden, Bethnal Green"," Bethnal Green","Bethnal Green Garden"
445,"Cheshire Street, Bethnal Green"," Bethnal Green","Cheshire Street"
446,"York Hall, Bethnal Green"," Bethnal Green","York Hall"
447,"Jubilee Crescent, Cubitt Town"," Cubitt Town","Jubilee Crescent"
448,"Fisherman's Walk West, Canary Wharf"," Canary Wharf","Fisherman's Walk West"
449,"Shadwell Station, Shadwell"," Shadwell","Shadwell Station"
450,"Jubilee Street, Stepney"," Stepney","Jubilee Street"
451,"Hermitage Court, Wapping"," Wapping","Hermitage Court"
452,"St. Katharine's Way, Tower"," Tower","St. Katharine's Way"
453,"Garnet Street, Shadwell"," Shadwell","Garnet Street"
454,"Napier Avenue, Millwall"," Millwall","Napier Avenue"
455,"East Ferry Road, Cubitt Town"," Cubitt Town","East Ferry Road"
456,"Parkway, Camden Town"," Camden Town","Parkway"
457,"Castlehaven Road, Camden Town"," Camden Town","Castlehaven Road"
458,"Wapping Lane, Wapping"," Wapping","Wapping Lane"
459,"Gunmakers Lane, Old Ford"," Old Ford","Gunmakers Lane"
460,"Burdett Road, Mile End"," Mile End","Burdett Road"
461,"Aston Street, Stepney"," Stepney","Aston Street"
462,"Bonny Street, Camden Town"," Camden Town","Bonny Street"
463,"Thurtle road, Haggerston"," Haggerston","Thurtle road"
464,"St. Mary & St. Michael Church, Stepney"," Stepney","St. Mary & St. Michael Church"
465,"Pitfield Street North,Hoxton","Hoxton","Pitfield Street North"
466,"Whiston Road, Haggerston"," Haggerston","Whiston Road"
467,"Southern Grove, Bow"," Bow","Southern Grove"
468,"Cantrell Road, Bow"," Bow","Cantrell Road"
469,"Lindfield Street, Poplar"," Poplar","Lindfield Street"
470,"Mostyn Grove, Bow"," Bow","Mostyn Grove"
471,"Hewison Street, Old Ford"," Old Ford","Hewison Street"
472,"Malmesbury Road, Bow"," Bow","Malmesbury Road"
473,"Millharbour, Millwall"," Millwall","Millharbour"
474,"Gascoyne Road, Victoria Park"," Victoria Park","Gascoyne Road"
475,"Lightermans Road, Millwall"," Millwall","Lightermans Road"
476,"Stebondale Street, Cubitt Town"," Cubitt Town","Stebondale Street"
477,"Spindrift Avenue, Millwall"," Millwall","Spindrift Avenue"
478,"Stepney Green Station, Stepney"," Stepney","Stepney Green Station"
479,"Pott Street, Bethnal Green"," Bethnal Green","Pott Street"
480,"Flamborough Street, Limehouse"," Limehouse","Flamborough Street"
481,"Saunders Ness Road, Cubitt Town"," Cubitt Town","Saunders Ness Road"
482,"Exhibition Road Museums 2, South Kensington"," South Kensington","Exhibition Road Museums 2"
483,"Albert Gardens, Stepney"," Stepney","Albert Gardens"
484,"Bromley High Street, Bow"," Bow","Bromley High Street"
485,"Old Ford Road, Bethnal Green"," Bethnal Green","Old Ford Road"
486,"Granby Street, Shoreditch"," Shoreditch","Granby Street"
487,"Canton Street, Poplar"," Poplar","Canton Street"
488,"Reardon Street, Wapping"," Wapping","Reardon Street"
489,"Christian Street, Whitechapel"," Whitechapel","Christian Street"
490,"Pennington Street, Wapping"," Wapping","Pennington Street"
491,"Queen Mary's, Mile End"," Mile End","Queen Mary's"
492,"Maplin Street, Mile End"," Mile End","Maplin Street"
494,"South Quay East, Canary Wharf"," Canary Wharf","South Quay East"
495,"Bow Church Station, Bow"," Bow","Bow Church Station"
496,"Devons Road, Bow"," Bow","Devons Road"
497,"Merchant Street, Bow"," Bow","Merchant Street"
498,"Bow Road Station, Bow"," Bow","Bow Road Station"
499,"Furze Green, Bow"," Bow","Furze Green"
500,"Ansell House, Stepney"," Stepney","Ansell House"
501,"Cephas Street, Bethnal Green"," Bethnal Green","Cephas Street"
502,"Bonner Gate, Victoria Park"," Victoria Park","Bonner Gate"
503,"Cleveland Way, Stepney"," Stepney","Cleveland Way"
504,"St. John's Park, Cubitt Town"," Cubitt Town","St. John's Park"
505,"Ackroyd Drive, Bow"," Bow","Ackroyd Drive"
506,"Bell Lane, Liverpool Street"," Liverpool Street","Bell Lane"
507,"Clarkson Street, Bethnal Green"," Bethnal Green","Clarkson Street"
508,"Fournier Street, Whitechapel"," Whitechapel","Fournier Street"
509,"Fore Street, Guildhall"," Guildhall","Fore Street"
510,"Westferry DLR, Limehouse"," Limehouse","Westferry DLR"
511,"Sutton Street, Shadwell"," Shadwell","Sutton Street"
512,"Pritchard's Road, Bethnal Green"," Bethnal Green","Pritchard's Road"
513,"Watney Market, Stepney"," Stepney","Watney Market"
514,"Portman Square, Marylebone"," Marylebone","Portman Square"
515,"Russell Gardens, Olympia"," Olympia","Russell Gardens"
516,"Chrisp Street Market, Poplar"," Poplar","Chrisp Street Market"
517,"Ford Road, Old Ford"," Old Ford","Ford Road"
518,"Antill Road, Mile End"," Mile End","Antill Road"
519,"Teviot Street, Poplar"," Poplar","Teviot Street"
520,"Bancroft Road, Bethnal Green"," Bethnal Green","Bancroft Road"
521,"Driffield Road, Old Ford"," Old Ford","Driffield Road"
522,"Clinton Road, Mile End"," Mile End","Clinton Road"
523,"Langdon Park, Poplar"," Poplar","Langdon Park"
524,"Lancaster Gate , Bayswater"," Bayswater","Lancaster Gate "
526,"Lancaster Drive, Blackwall"," Blackwall","Lancaster Drive"
527,"Hansard Mews, Holland Park"," Holland Park","Hansard Mews"
528,"Clarges Street, Mayfair"," Mayfair","Clarges Street"
529,"Manresa Road, Chelsea"," Chelsea","Manresa Road"
530,"Newby Place, Poplar"," Poplar","Newby Place"
531,"Twig Folly Bridge, Mile End"," Mile End","Twig Folly Bridge"
532,"Jubilee Plaza, Canary Wharf"," Canary Wharf","Jubilee Plaza"
533,"Wellington Row, Bethnal Green"," Bethnal Green","Wellington Row"
534,"Goldsmith's Row, Haggerston"," Haggerston","Goldsmith's Row"
535,"Gloucester Avenue, Camden Town"," Camden Town","Gloucester Avenue"
536,"Queensbridge Road, Haggerston"," Haggerston","Queensbridge Road"
537,"Old Montague Street, Whitechapel"," Whitechapel","Old Montague Street"
538,"Naval Row, Blackwall"," Blackwall","Naval Row"
539,"Hoxton Station, Hoxton"," Hoxton","Hoxton Station"
540,"Albany Street, The Regent's Park"," The Regent's Park","Albany Street"
541,"Green Park Station, Mayfair"," Mayfair","Green Park Station"
542,"Salmon Lane, Limehouse"," Limehouse","Salmon Lane"
543,"Lansdowne Walk, Ladbroke Grove"," Ladbroke Grove","Lansdowne Walk"
544,"Percival Street, Finsbury"," Finsbury","Percival Street"
545,"Arlington Road, Camden Town"," Camden Town","Arlington Road"
546,"New Fetter Lane, Holborn"," Holborn","New Fetter Lane"
547,"East India DLR, Blackwall"," Blackwall","East India DLR"
548,"Westminster Bridge Road, Elephant & Castle"," Elephant & Castle","Westminster Bridge Road"
549,"Gaywood  Street, Elephant & Castle"," Elephant & Castle","Gaywood  Street"
550,"Harford Street, Mile End"," Mile End","Harford Street"
551,"Import Dock, Canary Wharf"," Canary Wharf","Import Dock"
552,"Watney Street, Shadwell"," Shadwell","Watney Street"
553,"Regent's Row , Haggerston "," Haggerston ","Regent's Row "
554,"Aberfeldy Street, Poplar"," Poplar","Aberfeldy Street"
556,"Heron Quays DLR, Canary Wharf"," Canary Wharf","Heron Quays DLR"
557,"King Edward Street, St Pauls"," St Pauls","King Edward Street"
558,"Page Street, Westminster"," Westminster","Page Street"
559,"Abbotsbury Road, Holland Park"," Holland Park","Abbotsbury Road"
560,"Ladbroke Grove Central, Ladbroke Grove"," Ladbroke Grove","Ladbroke Grove Central"
561,"Rectory Square, Stepney"," Stepney","Rectory Square"
562,"Bury Place, Holborn"," Holborn","Bury Place"
563,"Preston's Road, Cubitt Town"," Cubitt Town","Preston's Road"
564,"Somerset House, Strand"," Strand","Somerset House"
565,"Selby Street, Whitechapel"," Whitechapel","Selby Street"
566,"Westfield Ariel Way, White City"," White City","Westfield Ariel Way"
568,"Bishop's Bridge Road West, Bayswater"," Bayswater","Bishop's Bridge Road West"
569,"Pitfield Street Central, Hoxton"," Hoxton","Pitfield Street Central"
570,"Upper Bank Street, Canary Wharf"," Canary Wharf","Upper Bank Street"
571,"Westfield Southern Terrace ,Shepherd's Bush","Shepherd's Bush","Westfield Southern Terrace "
572,"Greenland Road, Camden Town"," Camden Town","Greenland Road"
573,"Limerston Street, West Chelsea"," West Chelsea","Limerston Street"
574,"Eagle Wharf Road, Hoxton"," Hoxton","Eagle Wharf Road"
576,"Alpha Grove, Millwall"," Millwall","Alpha Grove"
577,"Globe Town Market, Bethnal Green"," Bethnal Green","Globe Town Market"
578,"Hollybush Gardens, Bethnal Green"," Bethnal Green","Hollybush Gardens"
579,"Queen Street 2, Bank"," Bank","Queen Street 2"
580,"Doddington Grove, Kennington"," Kennington","Doddington Grove"
581,"New Cavendish Street, Marylebone"," Marylebone","New Cavendish Street"
583,"Abingdon Green, Westminster"," Westminster","Abingdon Green"
584,"Ilchester Gardens, Bayswater"," Bayswater","Ilchester Gardens"
586,"Mudchute DLR, Cubitt Town"," Cubitt Town","Mudchute DLR"
587,"Monument Street, Monument"," Monument","Monument Street"
588,"Hoxton Street, Hoxton"," Hoxton","Hoxton Street"
589,"Drayton Gardens, West Chelsea"," West Chelsea","Drayton Gardens"
590,"Greenberry Street, St.John's Wood"," St.John's Wood","Greenberry Street"
592,"Bishop's Bridge Road East, Bayswater"," Bayswater","Bishop's Bridge Road East"
593,"Northdown Street, King's Cross"," King's Cross","Northdown Street"
594,"Kingsway Southbound, Strand"," Strand","Kingsway Southbound"
595,"Hammersmith Road, Hammersmith"," Hammersmith","Hammersmith Road"
596,"Parson's Green , Parson's Green"," Parson's Green","Parson's Green "
597,"Fulham Park Road, Fulham"," Fulham","Fulham Park Road"
598,"Southerton Road, Hammersmith"," Hammersmith","Southerton Road"
599,"Manbre Road, Hammersmith"," Hammersmith","Manbre Road"
600,"South Lambeth Road, Vauxhall"," Vauxhall","South Lambeth Road"
601,"BBC White City, White City"," White City","BBC White City"
602,"Union Grove, Wandsworth Road"," Wandsworth Road","Union Grove"
603,"Caldwell Street, Stockwell"," Stockwell","Caldwell Street"
604,"St Martins Close, Camden Town"," Camden Town","St Martins Close"
605,"Seymour Place, Marylebone"," Marylebone","Seymour Place"
606,"Addison Road, Holland Park"," Holland Park","Addison Road"
607,"Putney Bridge Station, Fulham"," Fulham","Putney Bridge Station"
608,"Colet Gardens, Hammersmith"," Hammersmith","Colet Gardens"
609,"Sugden Road, Clapham"," Clapham","Sugden Road"
610,"Danvers Street, West Chelsea"," West Chelsea","Danvers Street"
611,"Princedale Road , Holland Park"," Holland Park","Princedale Road "
612,"Wandsworth Rd, Isley Court, Wandsworth Road"," Isley Court","Wandsworth Rd"
613,"Woodstock Grove, Shepherd's Bush"," Shepherd's Bush","Woodstock Grove"
614,"Bradmead, Battersea Park"," Battersea Park","Bradmead"
614,"London Fields, Hackney Central"," Hackney Central","London Fields"
615,"Finlay Street, Fulham"," Fulham","Finlay Street"
616,"Aintree Street, Fulham"," Fulham","Aintree Street"
617,"Elysium Place, Fulham"," Fulham","Elysium Place"
618,"Eel Brook Common, Walham Green"," Walham Green","Eel Brook Common"
619,"Irene Road, Parsons Green"," Parsons Green","Irene Road"
620,"Surrey Lane, Battersea"," Battersea","Surrey Lane"
621,"Wandsworth Town Station, Wandsworth"," Wandsworth","Wandsworth Town Station"
622,"Lansdowne Road, Ladbroke Grove"," Ladbroke Grove","Lansdowne Road"
623,"Nantes Close, Wandsworth"," Wandsworth","Nantes Close"
624,"Courland Grove, Wandsworth Road"," Wandsworth Road","Courland Grove"
625,"Queen's Circus, Battersea Park"," Battersea Park","Queen's Circus"
626,"Normand Park, West Kensington"," West Kensington","Normand Park"
627,"Holden Street, Battersea"," Battersea","Holden Street"
628,"William Morris Way, Sands End"," Sands End","William Morris Way"
629,"Morie Street, Wandsworth"," Wandsworth","Morie Street"
630,"Clarence Walk, Stockwell"," Stockwell","Clarence Walk"
631,"Battersea Park Road, Nine Elms"," Nine Elms","Battersea Park Road"
632,"Sheepcote Lane, Battersea"," Battersea","Sheepcote Lane"
633,"Vereker Road, West Kensington"," West Kensington","Vereker Road"
634,"Brook Green South, Brook Green"," Brook Green","Brook Green South"
635,"Greyhound Road, Hammersmith"," Hammersmith","Greyhound Road"
636,"South Park, Sands End"," Sands End","South Park"
637,"Spencer Park, Wandsworth Common"," Wandsworth Common","Spencer Park"
638,"Falcon Road, Clapham Junction"," Clapham Junction","Falcon Road"
639,"Coomer Place, West Kensington"," West Kensington","Coomer Place"
640,"Silverthorne Road, Battersea"," Battersea","Silverthorne Road"
641,"Archbishop's Park, Waterloo"," Waterloo","Archbishop's Park"
642,"Fawcett Close, Battersea"," Battersea","Fawcett Close"
643,"All Saints' Road, Portobello"," Portobello","All Saints' Road"
644,"Rainville Road, Hammersmith"," Hammersmith","Rainville Road"
645,"Great Suffolk Street, The Borough"," The Borough","Great Suffolk Street"
646,"Buckingham Gate, Westminster"," Westminster","Buckingham Gate"
647,"Richmond Way, Shepherd's Bush"," Shepherd's Bush","Richmond Way"
648,"Peterborough Road, Sands End"," Sands End","Peterborough Road"
649,"World's End Place, West Chelsea"," West Chelsea","World's End Place"
650,"St. Mark's Road, North Kensington"," North Kensington","St. Mark's Road"
651,"Thorndike Close, West Chelsea"," West Chelsea","Thorndike Close"
652,"Evesham Street, Avondale"," Avondale","Evesham Street"
653,"Simpson Street, Clapham Junction"," Clapham Junction","Simpson Street"
654,"Ashmole Estate, Oval"," Oval","Ashmole Estate"
655,"Crabtree Lane, Fulham"," Fulham","Crabtree Lane"
656,"Broomhouse Lane, Parsons Green"," Parsons Green","Broomhouse Lane"
657,"Blythe Road West, Shepherd's Bush"," Shepherd's Bush","Blythe Road West"
658,"Ethelburga Estate, Battersea Park"," Battersea Park","Ethelburga Estate"
659,"Blackfriars Station, St. Paul's"," St. Paul's","Blackfriars Station"
660,"West Kensington Station, West Kensington"," West Kensington","West Kensington Station"
661,"All Saints Church, Portobello"," Portobello","All Saints Church"
662,"Phene Street, Chelsea"," Chelsea","Phene Street"
663,"Clarendon Road, Avondale"," Avondale","Clarendon Road"
664,"Austin Road, Battersea Park"," Battersea Park","Austin Road"
665,"Smugglers Way, Wandsworth"," Wandsworth","Smugglers Way"
667,"Shepherd's Bush Road North, Shepherd's Bush"," Shepherd's Bush","Shepherd's Bush Road North"
668,"Ravenscourt Park Station, Hammersmith"," Hammersmith","Ravenscourt Park Station"
669,"Teversham Lane, Stockwell"," Stockwell","Teversham Lane"
670,"Ashley Crescent, Battersea"," Battersea","Ashley Crescent"
671,"Parsons Green Station, Parsons Green"," Parsons Green","Parsons Green Station"
673,"Hibbert Street, Battersea"," Battersea","Hibbert Street"
674,"Carnegie Street, King's Cross"," King's Cross","Carnegie Street"
675,"Usk Road, Clapham Junction"," Clapham Junction","Usk Road"
676,"Hartington Road, Stockwell"," Stockwell","Hartington Road"
677,"Heath Road, Battersea"," Battersea","Heath Road"
678,"Esmond Street, Putney"," Putney","Esmond Street"
679,"Orbel Street, Battersea"," Battersea","Orbel Street"
680,"Westbridge Road, Battersea"," Battersea","Westbridge Road"
681,"Bishop's Avenue, Fulham"," Fulham","Bishop's Avenue"
682,"Crisp Road, Hammersmith"," Hammersmith","Crisp Road"
683,"Dorothy Road, Clapham Junction"," Clapham Junction","Dorothy Road"
684,"Neville Gill Close, Wandsworth"," Wandsworth","Neville Gill Close"
685,"Osiers Road, Wandsworth"," Wandsworth","Osiers Road"
686,"Beryl Road, Hammersmith"," Hammersmith","Beryl Road"
687,"Maclise Road, Olympia"," Olympia","Maclise Road"
688,"Northfields, Wandsworth"," Wandsworth","Northfields"
689,"Spanish Road, Clapham Junction"," Clapham Junction","Spanish Road"
690,"Stanley Grove, Battersea"," Battersea","Stanley Grove"
691,"Erin Close, Walham Green"," Walham Green","Erin Close"
692,"Cadogan Close, Victoria Park"," Victoria Park","Cadogan Close"
693,"Felsham Road, Putney"," Putney","Felsham Road"
694,"Putney Rail Station, Putney"," Putney","Putney Rail Station"
695,"Islington Green, Angel"," Angel","Islington Green"
696,"Charing Cross Hospital, Hammersmith"," Hammersmith","Charing Cross Hospital"
697,"Charlotte Terrace, Angel"," Angel","Charlotte Terrace"
698,"Shoreditch Court, Haggerston"," Haggerston","Shoreditch Court"
699,"Belford House, Haggerston"," Haggerston","Belford House"
700,"Battersea Church Road, Battersea"," Battersea","Battersea Church Road"
701,"Vicarage Crescent, Battersea"," Battersea","Vicarage Crescent"
702,"Durant Street, Bethnal Green"," Bethnal Green","Durant Street"
703,"St. Bride Street, Holborn"," Holborn","St. Bride Street"
704,"Mexfield Road, East Putney"," East Putney","Mexfield Road"
705,"Upper Richmond Road, Putney"," Putney","Upper Richmond Road"
706,"Snowsfields, London Bridge"," London Bridge","Snowsfields"
707,"Barons Court Station, West Kensington"," West Kensington","Barons Court Station"
708,"Disraeli Road, Putney"," Putney","Disraeli Road"
709,"Montserrat Road , Putney"," Putney","Montserrat Road "
710,"Albert Bridge Road, Battersea Park"," Battersea Park","Albert Bridge Road"
711,"Everington Street, Fulham"," Fulham","Everington Street"
712,"Mile End Stadium, Mile End"," Mile End","Mile End Stadium"
713,"Hawley Crescent, Camden Town"," Camden Town","Hawley Crescent"
714,"Stewart's Road, Wandsworth Road"," Wandsworth Road","Stewart's Road"
715,"Aylward Street, Stepney"," Stepney","Aylward Street"
716,"Stainsby Road , Poplar"," Poplar","Stainsby Road "
717,"Dunston Road , Haggerston"," Haggerston","Dunston Road "
718,"Ada Street, Hackney Central"," Hackney Central","Ada Street"
719,"Victoria Park Road, Hackney Central"," Hackney Central","Victoria Park Road"
720,"Star Road, West Kensington"," West Kensington","Star Road"
721,"Wendon Street, Old Ford"," Old Ford","Wendon Street"
722,"Finnis Street, Bethnal Green"," Bethnal Green","Finnis Street"
723,"Stephendale Road, Sands End"," Sands End","Stephendale Road"
724,"Alma Road, Wandsworth"," Wandsworth","Alma Road"
725,"Walworth Square, Walworth"," Walworth","Walworth Square"
726,"Alfreda Street, Battersea Park"," Battersea Park","Alfreda Street"
727,"Chesilton Road, Fulham"," Fulham","Chesilton Road"
728,"Putney Bridge Road, East Putney"," East Putney","Putney Bridge Road"
729,"St. Peter's Terrace, Fulham"," Fulham","St. Peter's Terrace"
730,"Bridge Avenue, Hammersmith"," Hammersmith","Bridge Avenue"
731,"Michael Road, Walham Green"," Walham Green","Michael Road"
732,"Duke Street Hill, London Bridge"," London Bridge","Duke Street Hill"
733,"Park Lane, Mayfair"," Mayfair","Park Lane"
734,"Plough Terrace, Clapham Junction"," Clapham Junction","Plough Terrace"
735,"Grant Road East, Clapham Junction"," Clapham Junction","Grant Road East"
736,"Queensdale Road, Shepherd's Bush"," Shepherd's Bush","Queensdale Road"
737,"Fulham Broadway, Walham Green"," Walham Green","Fulham Broadway"
738,"Imperial Road, Sands End"," Sands End","Imperial Road"
739,"Hortensia Road, West Brompton"," West Brompton","Hortensia Road"
740,"Sirdar Road, Avondale"," Avondale","Sirdar Road"
741,"Freston Road, Avondale"," Avondale","Freston Road"
742,"Blenheim Crescent, Ladbroke Grove"," Ladbroke Grove","Blenheim Crescent"
743,"Oxford Road, Putney"," Putney","Oxford Road"
744,"Ingrave Street, Clapham Junction"," Clapham Junction","Ingrave Street"
745,"Upcerne Road, West Chelsea"," West Chelsea","Upcerne Road"
746,"Lots Road, West Chelsea"," West Chelsea","Lots Road"
747,"Ormonde Gate, Chelsea"," Chelsea","Ormonde Gate"
748,"Hertford Road, De Beauvoir Town"," De Beauvoir Town","Hertford Road"
749,"Haggerston Road, Haggerston"," Haggerston","Haggerston Road"
750,"Culvert Road, Battersea"," Battersea","Culvert Road"
751,"Newton Street, Covent Garden"," Covent Garden","Newton Street"
754,"Grenfell Road, Avondale"," Avondale","Grenfell Road"
755,"The Vale, Chelsea"," Chelsea","The Vale"
756,"Prince of Wales Drive, Battersea Park"," Battersea Park","Prince of Wales Drive"
757,"Harcourt Terrace, West Brompton"," West Brompton","Harcourt Terrace"
758,"Westbourne Park Road, Portobello"," Portobello","Westbourne Park Road"
759,"Broadley Terrace, Marylebone"," Marylebone","Broadley Terrace"
760,"Rossmore Road, Marylebone"," Marylebone","Rossmore Road"
761,"Humbolt Road, Fulham"," Fulham","Humbolt Road"
762,"Storey's Gate, Westminster"," Westminster","Storey's Gate"
763,"Mile End Park Leisure Centre, Mile End"," Mile End","Mile End Park Leisure Centre"
764,"St. John's Road, Clapham Junction"," Clapham Junction","St. John's Road"
765,"Ranelagh Gardens, Fulham"," Fulham","Ranelagh Gardens"
766,"Ram Street, Wandsworth"," Wandsworth","Ram Street"
767,"Santos Road, Wandsworth"," Wandsworth","Santos Road"
768,"Clapham Common North Side, Clapham Common"," Clapham Common","Clapham Common North Side"
769,"Sandilands Road, Walham Green"," Walham Green","Sandilands Road"
770,"Gwendwr Road, West Kensington"," West Kensington","Gwendwr Road"
771,"Rifle Place, Avondale"," Avondale","Rifle Place"
772,"Binfield Road, Stockwell"," Stockwell","Binfield Road"
773,"Tallis Street, Temple"," Temple","Tallis Street"
774,"Hurlingham Park, Parsons Green"," Parsons Green","Hurlingham Park"
775,"Little Brook Green, Brook Green"," Brook Green","Little Brook Green"
776,"Abyssinia Close, Clapham Junction"," Clapham Junction","Abyssinia Close"
777,"Limburg Road, Clapham Junction"," Clapham Junction","Limburg Road"
778,"Pop Up Dock 1","","Pop Up Dock 1"
779,"Houndsditch, Aldgate"," Aldgate","Houndsditch"
780,"Imperial Wharf Station, Sands End"," Sands End","Imperial Wharf Station"
781,"Victoria & Albert Museum, South Kensington"," South Kensington","Victoria & Albert Museum"
782,"Halford Road, West Kensington"," West Kensington","Halford Road"
783,"Monier Road, Hackney Wick"," Hackney Wick","Monier Road"
784,"East Village, Queen Elizabeth Olympic Park"," Queen Elizabeth Olympic Park","East Village"
785,"Aquatic Centre, Queen Elizabeth Olympic Park"," Queen Elizabeth Olympic Park","Aquatic Centre"
786,"Lee Valley VeloPark, Queen Elizabeth Olympic Park"," Queen Elizabeth Olympic Park","Lee Valley VeloPark"
787,"Timber Lodge, Queen Elizabeth Olympic Park"," Queen Elizabeth Olympic Park","Timber Lodge"
788,"Copper Box Arena, Queen Elizabeth Olympic Park"," Queen Elizabeth Olympic Park","Copper Box Arena"
789,"Podium, Queen Elizabeth Olympic Park"," Queen Elizabeth Olympic Park","Podium"
790,"Stratford Station, Stratford"," Stratford","Stratford Station"
792,"Blackfriars Road, Southwark"," Southwark","Blackfriars Road"
793,"Cromer Street, Bloomsbury"," Bloomsbury","Cromer Street"
794,"Victoria Rise, Clapham Common"," Clapham Common","Victoria Rise"
795,"Euston Square Gardens, Euston"," Euston","Euston Square Gardens"
796,"Coram Street, Bloomsbury"," Bloomsbury","Coram Street"
797,"Ossulston Street, Somers Town"," Somers Town","Ossulston Street"
798,"Birkenhead Street, King's Cross"," King's Cross","Birkenhead Street"
799,"Kings Gate House, Westminster"," Westminster","Kings Gate House"
800,"Sopwith Way, Battersea Park"," Battersea Park","Sopwith Way"
801,"Lavington Street, Bankside"," Bankside","Lavington Street"
802,"Albert Square, Stockwell"," Stockwell","Albert Square"
803,"Southwark Street, Bankside"," Bankside","Southwark Street"
804,"Good's Way, King's Cross"," King's Cross","Good's Way"
805,"The Metropolitan, Portobello"," Portobello","The Metropolitan"
806,"Handyside Street, King's Cross"," King's Cross","Handyside Street"
807,"Bevington Road West, North Kensington"," North Kensington","Bevington Road West"
808,"Stockwell Roundabout, Stockwell"," Stockwell","Stockwell Roundabout"
808,"Gauden Road, Clapham"," Clapham","Gauden Road"
809,"Lincoln's Inn Fields, Holborn"," Holborn","Lincoln's Inn Fields"
810,"Tate Modern, Bankside"," Bankside","Tate Modern"
811,"Westferry Circus, Canary Wharf"," Canary Wharf","Westferry Circus"
812,"Here East North, Queen Elizabeth Olympic Park"," Queen Elizabeth Olympic Park","Here East North"
813,"New Spring Gardens Walk, Vauxhall"," Vauxhall","New Spring Gardens Walk"
814,"Clapham Road, Lingham Street, Stockwell"," Lingham Street","Clapham Road"
815,"Lambeth Palace Road, Waterloo"," Waterloo","Lambeth Palace Road"
816,"Here East South, Queen Elizabeth Olympic Park"," Queen Elizabeth Olympic Park","Here East South"
817,"Riverlight South, Nine Elms"," Nine Elms","Riverlight South"
818,"Westminster Pier, Westminster"," Westminster","Westminster Pier"
819,"Belvedere Road 2, South Bank"," South Bank","Belvedere Road 2"
820,"Victory Place, Walworth"," Walworth","Victory Place"
821,"Battersea Power Station, Battersea Park"," Battersea Park","Battersea Power Station"
826,"Allington Street, Victoria"," Victoria","Allington Street"
827,"Cranmer Road, Stockwell"," Stockwell","Cranmer Road"
828,"Normandy Road, Stockwell"," Stockwell","Normandy Road"
829,"Wynne Road, Stockwell"," Stockwell","Wynne Road"
830,"Sidney Road, Stockwell"," Stockwell","Sidney Road"
831,"St John's Crescent, Brixton"," Brixton","St John's Crescent"
832,"Ferndale Road, Brixton"," Brixton","Ferndale Road"
833,"Saltoun Road, Brixton"," Brixton","Saltoun Road"
834,"Gas Holders, Battersea Park"," Battersea Park","Gas Holders"
835,"Farringdon Street, Holborn"," Holborn","Farringdon Street"
836,"York Way, Kings Cross"," Kings Cross","York Way"
838,"Fore Street Avenue, Guildhall"," Guildhall","Fore Street Avenue"
839,"Sea Containers, South Bank"," South Bank","Sea Containers"
840,"George Row, Bermondsey"," Bermondsey","George Row"
841,"Tower Wharf, Bermondsey"," Bermondsey","Tower Wharf"
842,"Temple Gardens, Temple"," Temple","Temple Gardens"
844,"Canada Water Station, Rotherhithe"," Rotherhithe","Canada Water Station"
845,"Bermondsey Station, Bermondsey"," Bermondsey","Bermondsey Station"